DATETIME,PRICE,FORWARD,CARRY,PRICE_CONTRACT,FORWARD_CONTRACT,CARRY_CONTRACT
2018-01-24,11155.0,11195.0,11195.0,20180200,20180300,20180300
2018-01-25,11200.0,11250.0,11250.0,20180200,20180300,20180300
2018-01-26,10965.0,10985.0,10985.0,20180200,20180300,20180300
2018-01-29,11170.0,11215.0,11215.0,20180200,20180300,20180300
2018-01-30,9940.0,9990.0,9990.0,20180200,20180300,20180300
2018-01-31,10000.0,10010.0,10010.0,20180200,20180300,20180300
2018-02-01,9090.0,9085.0,9085.0,20180200,20180300,20180300
2018-02-02,8585.0,8580.0,8580.0,20180200,20180300,20180300
2018-02-05,7260.0,7230.0,7230.0,20180200,20180300,20180300
2018-02-06,7550.0,7540.0,7540.0,20180200,20180300,20180300
2018-02-07,8245.0,8205.0,8205.0,20180200,20180300,20180300
2018-02-08,8325.0,8315.0,8315.0,20180200,20180300,20180300
2018-02-09,8610.0,8600.0,8600.0,20180200,20180300,20180300
2018-02-12,8860.0,8885.0,8885.0,20180200,20180300,20180300
2018-02-13,8700.0,8730.0,8730.0,20180200,20180300,20180300
2018-02-14,9290.0,9350.0,9350.0,20180200,20180300,20180300
2018-02-15,10090.0,10135.0,10135.0,20180200,20180300,20180300
2018-02-16,10020.0,10070.0,10070.0,20180200,20180300,20180300
2018-02-20,11735.0,11750.0,11750.0,20180200,20180300,20180300
2018-02-21,10370.0,10370.0,10370.0,20180200,20180300,20180300
2018-02-22,10085.0,10095.0,10095.0,20180200,20180300,20180300
2018-02-23,10319.0,9950.0,9950.0,20180200,20180300,20180300
2018-02-26,10250.0,10275.0,10275.0,20180300,20180400,20180400
2018-02-27,10660.0,10670.0,10670.0,20180300,20180400,20180400
2018-02-28,10645.0,10665.0,10665.0,20180300,20180400,20180400
2018-03-01,11065.0,11080.0,11080.0,20180300,20180400,20180400
2018-03-02,11060.0,11085.0,11085.0,20180300,20180400,20180400
2018-03-05,11615.0,11650.0,11650.0,20180300,20180400,20180400
2018-03-06,10650.0,10665.0,10665.0,20180300,20180400,20180400
2018-03-07,9790.0,9805.0,9805.0,20180300,20180400,20180400
2018-03-08,9400.0,9420.0,9420.0,20180300,20180400,20180400
2018-03-09,9015.0,9030.0,9030.0,20180300,20180400,20180400
2018-03-12,8910.0,8930.0,8930.0,20180300,20180400,20180400
2018-03-13,9070.0,9080.0,9080.0,20180300,20180400,20180400
2018-03-14,8275.0,8285.0,8285.0,20180300,20180400,20180400
2018-03-15,8235.0,8255.0,8255.0,20180300,20180400,20180400
2018-03-16,8555.0,8580.0,8580.0,20180300,20180400,20180400
2018-03-19,8400.0,8415.0,8415.0,20180300,20180400,20180400
2018-03-20,8945.0,8950.0,8950.0,20180300,20180400,20180400
2018-03-21,8890.0,8900.0,8900.0,20180300,20180400,20180400
2018-03-22,8630.0,8630.0,8630.0,20180300,20180400,20180400
2018-03-23,8615.0,8625.0,8625.0,20180300,20180400,20180400
2018-03-26,7930.0,7935.0,7935.0,20180400,20180500,20180500
2018-03-27,7915.0,7915.0,7915.0,20180400,20180500,20180500
2018-03-28,7900.0,7900.0,7900.0,20180400,20180500,20180500
2018-03-29,7335.0,7335.0,7335.0,20180400,20180500,20180500
2018-04-02,6990.0,6990.0,6990.0,20180400,20180500,20180500
2018-04-03,7460.0,7460.0,7460.0,20180400,20180500,20180500
2018-04-04,6860.0,6865.0,6865.0,20180400,20180500,20180500
2018-04-05,6760.0,6760.0,6760.0,20180400,20180500,20180500
2018-04-06,6630.0,6620.0,6620.0,20180400,20180500,20180500
2018-04-09,6675.0,6670.0,6670.0,20180400,20180500,20180500
2018-04-10,6840.0,6840.0,6840.0,20180400,20180500,20180500
2018-04-11,6920.0,6915.0,6915.0,20180400,20180500,20180500
2018-04-12,7680.0,7680.0,7680.0,20180400,20180500,20180500
2018-04-13,8105.0,8110.0,8110.0,20180400,20180500,20180500
2018-04-16,7980.0,7980.0,7980.0,20180400,20180500,20180500
2018-04-17,7885.0,7885.0,7885.0,20180400,20180500,20180500
2018-04-18,8125.0,8125.0,8125.0,20180400,20180500,20180500
2018-04-19,8260.0,8260.0,8260.0,20180400,20180500,20180500
2018-04-20,8540.0,8530.0,8530.0,20180400,20180500,20180500
2018-04-23,8845.0,8860.0,8860.0,20180400,20180500,20180500
2018-04-24,9470.0,9475.0,9475.0,20180500,20180600,20180600
2018-04-25,9000.0,9010.0,9010.0,20180500,20180600,20180600
2018-04-26,8895.0,8905.0,8905.0,20180500,20180600,20180600
2018-04-27,9080.0,9095.0,9095.0,20180500,20180600,20180600
2018-04-30,9365.0,9365.0,9365.0,20180500,20180600,20180600
2018-05-01,8985.0,8990.0,8990.0,20180500,20180600,20180600
2018-05-02,9150.0,9160.0,9160.0,20180500,20180600,20180600
2018-05-03,9675.0,9685.0,9685.0,20180500,20180600,20180600
2018-05-04,9670.0,9690.0,9690.0,20180500,20180600,20180600
2018-05-07,9435.0,9470.0,9470.0,20180500,20180600,20180600
2018-05-08,9235.0,9260.0,9260.0,20180500,20180600,20180600
2018-05-09,9280.0,9300.0,9300.0,20180500,20180600,20180600
2018-05-10,9090.0,9110.0,9110.0,20180500,20180600,20180600
2018-05-11,8625.0,8650.0,8650.0,20180500,20180600,20180600
2018-05-14,8755.0,8780.0,8780.0,20180500,20180600,20180600
2018-05-15,8555.0,8580.0,8580.0,20180500,20180600,20180600
2018-05-16,8250.0,8300.0,8300.0,20180500,20180600,20180600
2018-05-17,8180.0,8200.0,8200.0,20180500,20180600,20180600
2018-05-18,8230.0,8250.0,8250.0,20180500,20180600,20180600
2018-05-21,8375.0,8390.0,8390.0,20180500,20180600,20180600
2018-05-22,8180.0,8185.0,8185.0,20180500,20180600,20180600
2018-05-23,7590.0,7600.0,7600.0,20180500,20180600,20180600
2018-05-24,7600.0,7620.0,7620.0,20180600,20180700,20180700
2018-05-25,7440.0,7465.0,7465.0,20180600,20180700,20180700
2018-05-29,7495.0,7515.0,7515.0,20180600,20180700,20180700
2018-05-30,7320.0,7340.0,7340.0,20180600,20180700,20180700
2018-05-31,7545.0,7565.0,7565.0,20180600,20180700,20180700
2018-06-01,7440.0,7460.0,7460.0,20180600,20180700,20180700
2018-06-04,7500.0,7515.0,7515.0,20180600,20180700,20180700
2018-06-05,7625.0,7645.0,7645.0,20180600,20180700,20180700
2018-06-06,7540.0,7550.0,7550.0,20180600,20180700,20180700
2018-06-07,7705.0,7720.0,7720.0,20180600,20180700,20180700
2018-06-08,7655.0,7675.0,7675.0,20180600,20180700,20180700
2018-06-11,6750.0,6775.0,6775.0,20180600,20180700,20180700
2018-06-12,6500.0,6525.0,6525.0,20180600,20180700,20180700
2018-06-13,6270.0,6295.0,6295.0,20180600,20180700,20180700
2018-06-14,6635.0,6650.0,6650.0,20180600,20180700,20180700
2018-06-15,6530.0,6555.0,6555.0,20180600,20180700,20180700
2018-06-18,6695.0,6710.0,6710.0,20180600,20180700,20180700
2018-06-19,6735.0,6755.0,6755.0,20180600,20180700,20180700
2018-06-20,6745.0,6765.0,6765.0,20180600,20180700,20180700
2018-06-21,6710.0,6730.0,6730.0,20180600,20180700,20180700
2018-06-22,6165.0,6180.0,6180.0,20180600,20180700,20180700
2018-06-25,6255.0,6260.0,6260.0,20180700,20180800,20180800
2018-06-26,6165.0,6170.0,6170.0,20180700,20180800,20180800
2018-06-27,6135.0,6140.0,6140.0,20180700,20180800,20180800
2018-06-28,6065.0,6075.0,6075.0,20180700,20180800,20180800
2018-06-29,5865.0,5880.0,5880.0,20180700,20180800,20180800
2018-07-02,6625.0,6630.0,6630.0,20180700,20180800,20180800
2018-07-03,6580.0,6590.0,6590.0,20180700,20180800,20180800
2018-07-05,6505.0,6515.0,6515.0,20180700,20180800,20180800
2018-07-06,6565.0,6570.0,6570.0,20180700,20180800,20180800
2018-07-09,6695.0,6700.0,6700.0,20180700,20180800,20180800
2018-07-10,6355.0,6365.0,6365.0,20180700,20180800,20180800
2018-07-11,6330.0,6335.0,6335.0,20180700,20180800,20180800
2018-07-12,6160.0,6165.0,6165.0,20180700,20180800,20180800
2018-07-13,6165.0,6165.0,6165.0,20180700,20180800,20180800
2018-07-16,6675.0,6675.0,6675.0,20180700,20180800,20180800
2018-07-17,7305.0,7315.0,7315.0,20180700,20180800,20180800
2018-07-18,7395.0,7405.0,7405.0,20180700,20180800,20180800
2018-07-19,7450.0,7465.0,7465.0,20180700,20180800,20180800
2018-07-20,7340.0,7350.0,7350.0,20180700,20180800,20180800
2018-07-23,7735.0,7755.0,7755.0,20180700,20180800,20180800
2018-07-24,8265.0,8290.0,8290.0,20180800,20180900,20180900
2018-07-25,8135.0,8160.0,8160.0,20180800,20180900,20180900
2018-07-26,8255.0,8285.0,8285.0,20180800,20180900,20180900
2018-07-27,8200.0,8215.0,8215.0,20180800,20180900,20180900
2018-07-30,8100.0,8100.0,8100.0,20180800,20180900,20180900
2018-07-31,7730.0,7725.0,7725.0,20180800,20180900,20180900
2018-08-01,7545.0,7540.0,7540.0,20180800,20180900,20180900
2018-08-02,7525.0,7525.0,7525.0,20180800,20180900,20180900
2018-08-03,7370.0,7365.0,7365.0,20180800,20180900,20180900
2018-08-06,6920.0,6925.0,6925.0,20180800,20180900,20180900
2018-08-07,6990.0,6975.0,6975.0,20180800,20180900,20180900
2018-08-08,6330.0,6330.0,6330.0,20180800,20180900,20180900
2018-08-09,6460.0,6465.0,6465.0,20180800,20180900,20180900
2018-08-10,6390.0,6395.0,6395.0,20180800,20180900,20180900
2018-08-13,6230.0,6230.0,6230.0,20180800,20180900,20180900
2018-08-14,6075.0,6075.0,6075.0,20180800,20180900,20180900
2018-08-15,6375.0,6370.0,6370.0,20180800,20180900,20180900
2018-08-16,6405.0,6410.0,6410.0,20180800,20180900,20180900
2018-08-17,6480.0,6480.0,6480.0,20180800,20180900,20180900
2018-08-20,6430.0,6430.0,6430.0,20180800,20180900,20180900
2018-08-21,6425.0,6420.0,6420.0,20180800,20180900,20180900
2018-08-22,6405.0,6405.0,6405.0,20180800,20180900,20180900
2018-08-23,6405.0,6395.0,6395.0,20180800,20180900,20180900
2018-08-24,6595.0,6600.0,6600.0,20180900,20181000,20181000
2018-08-27,6715.0,6730.0,6730.0,20180900,20181000,20181000
2018-08-28,7080.0,7090.0,7090.0,20180900,20181000,20181000
2018-08-29,6995.0,7000.0,7000.0,20180900,20181000,20181000
2018-08-30,6805.0,6815.0,6815.0,20180900,20181000,20181000
2018-08-31,7045.0,7040.0,7040.0,20180900,20181000,20181000
2018-09-04,7350.0,7355.0,7355.0,20180900,20181000,20181000
2018-09-05,6900.0,6905.0,6905.0,20180900,20181000,20181000
2018-09-06,6430.0,6430.0,6430.0,20180900,20181000,20181000
2018-09-07,6390.0,6385.0,6385.0,20180900,20181000,20181000
2018-09-10,6265.0,6260.0,6260.0,20180900,20181000,20181000
2018-09-11,6230.0,6230.0,6230.0,20180900,20181000,20181000
2018-09-12,6290.0,6285.0,6285.0,20180900,20181000,20181000
2018-09-13,6435.0,6430.0,6430.0,20180900,20181000,20181000
2018-09-14,6525.0,6525.0,6525.0,20180900,20181000,20181000
2018-09-17,6230.0,6230.0,6230.0,20180900,20181000,20181000
2018-09-18,6275.0,6275.0,6275.0,20180900,20181000,20181000
2018-09-19,6375.0,6375.0,6375.0,20180900,20181000,20181000
2018-09-20,6400.0,6395.0,6395.0,20180900,20181000,20181000
2018-09-21,6740.0,6735.0,6735.0,20180900,20181000,20181000
2018-09-24,6610.0,6610.0,6610.0,20180900,20181000,20181000
2018-09-25,6350.0,6340.0,6340.0,20181000,20181100,20181100
2018-09-26,6475.0,6470.0,6470.0,20181000,20181100,20181100
2018-09-27,6645.0,6645.0,6645.0,20181000,20181100,20181100
2018-09-28,6670.0,6660.0,6660.0,20181000,20181100,20181100
2018-10-01,6540.0,6535.0,6535.0,20181000,20181100,20181100
2018-10-02,6510.0,6510.0,6510.0,20181000,20181100,20181100
2018-10-03,6425.0,6420.0,6420.0,20181000,20181100,20181100
2018-10-04,6555.0,6555.0,6555.0,20181000,20181100,20181100
2018-10-05,6530.0,6535.0,6535.0,20181000,20181100,20181100
2018-10-08,6630.0,6625.0,6625.0,20181000,20181100,20181100
2018-10-09,6580.0,6580.0,6580.0,20181000,20181100,20181100
2018-10-10,6540.0,6540.0,6540.0,20181000,20181100,20181100
2018-10-11,6180.0,6175.0,6175.0,20181000,20181100,20181100
2018-10-12,6185.0,6180.0,6180.0,20181000,20181100,20181100
2018-10-15,6390.0,6375.0,6375.0,20181000,20181100,20181100
2018-10-16,6420.0,6420.0,6420.0,20181000,20181100,20181100
2018-10-17,6420.0,6420.0,6420.0,20181000,20181100,20181100
2018-10-18,6390.0,6385.0,6385.0,20181000,20181100,20181100
2018-10-19,6380.0,6380.0,6380.0,20181000,20181100,20181100
2018-10-22,6395.0,6390.0,6390.0,20181000,20181100,20181100
2018-10-23,6395.0,6390.0,6390.0,20181000,20181100,20181100
2018-10-24,6415.0,6415.0,6415.0,20181100,20181200,20181200
2018-10-25,6405.0,6400.0,6400.0,20181100,20181200,20181200
2018-10-26,6390.0,6390.0,6390.0,20181100,20181200,20181200
2018-10-29,6240.0,6235.0,6235.0,20181100,20181200,20181200
2018-10-30,6245.0,6245.0,6245.0,20181100,20181200,20181200
2018-10-31,6295.0,6290.0,6290.0,20181100,20181200,20181200
2018-11-01,6315.0,6305.0,6305.0,20181100,20181200,20181200
2018-11-02,6345.0,6345.0,6345.0,20181100,20181200,20181200
2018-11-05,6390.0,6385.0,6385.0,20181100,20181200,20181200
2018-11-06,6415.0,6410.0,6410.0,20181100,20181200,20181200
2018-11-07,6510.0,6500.0,6500.0,20181100,20181200,20181200
2018-11-08,6410.0,6410.0,6410.0,20181100,20181200,20181200
2018-11-09,6335.0,6330.0,6330.0,20181100,20181200,20181200
2018-11-12,6325.0,6320.0,6320.0,20181100,20181200,20181200
2018-11-13,6285.0,6280.0,6280.0,20181100,20181200,20181200
2018-11-14,5365.0,5355.0,5355.0,20181100,20181200,20181200
2018-11-15,5425.0,5405.0,5405.0,20181100,20181200,20181200
2018-11-16,5450.0,5425.0,5425.0,20181100,20181200,20181200
2018-11-19,4835.0,4815.0,4815.0,20181100,20181200,20181200
2018-11-20,4240.0,4225.0,4225.0,20181100,20181200,20181200
2018-11-21,4390.0,4375.0,4375.0,20181100,20181200,20181200
2018-11-23,4190.0,4175.0,4175.0,20181100,20181200,20181200
2018-11-26,3605.0,3600.0,3600.0,20181200,20190100,20190100
2018-11-27,3700.0,3700.0,3700.0,20181200,20190100,20190100
2018-11-28,4285.0,4275.0,4275.0,20181200,20190100,20190100
2018-11-29,4175.0,4160.0,4160.0,20181200,20190100,20190100
2018-11-30,3930.0,3925.0,3925.0,20181200,20190100,20190100
2018-12-03,3800.0,3795.0,3795.0,20181200,20190100,20190100
2018-12-04,3840.0,3830.0,3830.0,20181200,20190100,20190100
2018-12-05,3705.0,3695.0,3695.0,20181200,20190100,20190100
2018-12-06,3600.0,3590.0,3590.0,20181200,20190100,20190100
2018-12-07,3300.0,3280.0,3280.0,20181200,20190100,20190100
2018-12-10,3375.0,3360.0,3360.0,20181200,20190100,20190100
2018-12-11,3320.0,3310.0,3310.0,20181200,20190100,20190100
2018-12-12,3420.0,3410.0,3410.0,20181200,20190100,20190100
2018-12-13,3215.0,3210.0,3210.0,20181200,20190100,20190100
2018-12-14,3145.0,3135.0,3135.0,20181200,20190100,20190100
2018-12-17,3530.0,3530.0,3530.0,20181200,20190100,20190100
2018-12-18,3495.0,3490.0,3490.0,20181200,20190100,20190100
2018-12-19,3695.0,3685.0,3685.0,20181200,20190100,20190100
2018-12-20,3875.0,3870.0,3870.0,20181200,20190100,20190100
2018-12-21,3775.0,3765.0,3765.0,20181200,20190100,20190100
2018-12-24,4070.0,4060.0,4060.0,20181200,20190100,20190100
2018-12-26,3755.0,3720.0,3720.0,20190100,20190200,20190200
2018-12-27,3545.0,3520.0,3520.0,20190100,20190200,20190200
2018-12-28,3870.0,3845.0,3845.0,20190100,20190200,20190200
2018-12-31,3650.0,3635.0,3635.0,20190100,20190200,20190200
2019-01-02,3830.0,3815.0,3815.0,20190100,20190200,20190200
2019-01-03,3760.0,3745.0,3745.0,20190100,20190200,20190200
2019-01-04,3745.0,3730.0,3730.0,20190100,20190200,20190200
2019-01-07,3985.0,3970.0,3970.0,20190100,20190200,20190200
2019-01-08,3985.0,3975.0,3975.0,20190100,20190200,20190200
2019-01-09,3990.0,3980.0,3980.0,20190100,20190200,20190200
2019-01-10,3605.0,3595.0,3595.0,20190100,20190200,20190200
2019-01-11,3635.0,3620.0,3620.0,20190100,20190200,20190200
2019-01-14,3650.0,3645.0,3645.0,20190100,20190200,20190200
2019-01-15,3535.0,3530.0,3530.0,20190100,20190200,20190200
2019-01-16,3560.0,3545.0,3545.0,20190100,20190200,20190200
2019-01-17,3605.0,3590.0,3590.0,20190100,20190200,20190200
2019-01-18,3585.0,3560.0,3560.0,20190100,20190200,20190200
2019-01-22,3580.0,3560.0,3560.0,20190100,20190200,20190200
2019-01-23,3535.0,3505.0,3505.0,20190100,20190200,20190200
2019-01-24,3520.0,3520.0,3520.0,20190200,20190300,20190300
2019-01-25,3505.0,3495.0,3495.0,20190200,20190300,20190300
2019-01-28,3380.0,3365.0,3365.0,20190200,20190300,20190300
2019-01-29,3370.0,3355.0,3355.0,20190200,20190300,20190300
2019-01-30,3410.0,3395.0,3395.0,20190200,20190300,20190300
2019-01-31,3395.0,3385.0,3385.0,20190200,20190300,20190300
2019-02-01,3425.0,3415.0,3415.0,20190200,20190300,20190300
2019-02-04,3395.0,3380.0,3380.0,20190200,20190300,20190300
2019-02-05,3400.0,3390.0,3390.0,20190200,20190300,20190300
2019-02-06,3340.0,3325.0,3325.0,20190200,20190300,20190300
2019-02-07,3340.0,3330.0,3330.0,20190200,20190300,20190300
2019-02-08,3615.0,3605.0,3605.0,20190200,20190300,20190300
2019-02-11,3605.0,3595.0,3595.0,20190200,20190300,20190300
2019-02-12,3605.0,3595.0,3595.0,20190200,20190300,20190300
2019-02-13,3570.0,3555.0,3555.0,20190200,20190300,20190300
2019-02-14,3565.0,3555.0,3555.0,20190200,20190300,20190300
2019-02-15,3565.0,3555.0,3555.0,20190200,20190300,20190300
2019-02-19,3935.0,3935.0,3935.0,20190200,20190300,20190300
2019-02-20,3935.0,3940.0,3940.0,20190200,20190300,20190300
2019-02-21,3895.0,3900.0,3900.0,20190200,20190300,20190300
2019-02-22,3931.0,3930.0,3930.0,20190200,20190300,20190300
2019-02-25,3820.0,3810.0,3810.0,20190300,20190400,20190400
2019-02-26,3775.0,3775.0,3775.0,20190300,20190400,20190400
2019-02-27,3710.0,3705.0,3705.0,20190300,20190400,20190400
2019-02-28,3790.0,3785.0,3785.0,20190300,20190400,20190400
2019-03-01,3820.0,3820.0,3820.0,20190300,20190400,20190400
2019-03-04,3690.0,3695.0,3695.0,20190300,20190400,20190400
2019-03-05,3835.0,3830.0,3830.0,20190300,20190400,20190400
2019-03-06,3840.0,3840.0,3840.0,20190300,20190400,20190400
2019-03-07,3870.0,3865.0,3865.0,20190300,20190400,20190400
2019-03-08,3890.0,3890.0,3890.0,20190300,20190400,20190400
2019-03-11,3835.0,3835.0,3835.0,20190300,20190400,20190400
2019-03-12,3845.0,3835.0,3835.0,20190300,20190400,20190400
2019-03-13,3845.0,3835.0,3835.0,20190300,20190400,20190400
2019-03-14,3845.0,3840.0,3840.0,20190300,20190400,20190400
2019-03-15,3900.0,3900.0,3900.0,20190300,20190400,20190400
2019-03-18,3960.0,3960.0,3960.0,20190300,20190400,20190400
2019-03-19,3995.0,3990.0,3990.0,20190300,20190400,20190400
2019-03-20,4010.0,4010.0,4010.0,20190300,20190400,20190400
2019-03-21,3965.0,3960.0,3960.0,20190300,20190400,20190400
2019-03-22,3980.0,3980.0,3980.0,20190300,20190400,20190400
2019-03-25,3890.0,3890.0,3890.0,20190400,20190500,20190500
2019-03-26,3905.0,3905.0,3905.0,20190400,20190500,20190500
2019-03-27,4005.0,4005.0,4005.0,20190400,20190500,20190500
2019-03-28,4005.0,4005.0,4005.0,20190400,20190500,20190500
2019-03-29,4075.0,4075.0,4075.0,20190400,20190500,20190500
2019-04-01,4125.0,4125.0,4125.0,20190400,20190500,20190500
2019-04-02,4775.0,4770.0,4770.0,20190400,20190500,20190500
2019-04-03,5150.0,5140.0,5140.0,20190400,20190500,20190500
2019-04-04,4840.0,4835.0,4835.0,20190400,20190500,20190500
2019-04-05,5020.0,5015.0,5015.0,20190400,20190500,20190500
2019-04-08,5210.0,5210.0,5210.0,20190400,20190500,20190500
2019-04-09,5220.0,5220.0,5220.0,20190400,20190500,20190500
2019-04-10,5415.0,5415.0,5415.0,20190400,20190500,20190500
2019-04-11,5075.0,5080.0,5080.0,20190400,20190500,20190500
2019-04-12,5065.0,5065.0,5065.0,20190400,20190500,20190500
2019-04-15,5010.0,5015.0,5015.0,20190400,20190500,20190500
2019-04-16,5200.0,5200.0,5200.0,20190400,20190500,20190500
2019-04-17,5235.0,5230.0,5230.0,20190400,20190500,20190500
2019-04-18,5295.0,5295.0,5295.0,20190400,20190500,20190500
2019-04-22,5395.0,5395.0,5395.0,20190400,20190500,20190500
2019-04-23,5590.0,5600.0,5600.0,20190400,20190500,20190500
2019-04-24,5435.0,5435.0,5435.0,20190500,20190600,20190600
2019-04-25,5490.0,5490.0,5490.0,20190500,20190600,20190600
2019-04-26,5080.0,5080.0,5080.0,20190500,20190600,20190600
2019-04-29,5140.0,5140.0,5140.0,20190500,20190600,20190600
2019-04-30,5230.0,5230.0,5230.0,20190500,20190600,20190600
2019-05-01,5300.0,5290.0,5290.0,20190500,20190600,20190600
2019-05-02,5390.0,5385.0,5385.0,20190500,20190600,20190600
2019-05-03,5670.0,5675.0,5675.0,20190500,20190600,20190600
2019-05-06,5745.0,5740.0,5740.0,20190500,20190600,20190600
2019-05-07,5845.0,5840.0,5840.0,20190500,20190600,20190600
2019-05-08,5900.0,5895.0,5895.0,20190500,20190600,20190600
2019-05-09,6065.0,6055.0,6055.0,20190500,20190600,20190600
2019-05-10,6365.0,6360.0,6360.0,20190500,20190600,20190600
2019-05-13,7950.0,7945.0,7945.0,20190500,20190600,20190600
2019-05-14,7780.0,7785.0,7785.0,20190500,20190600,20190600
2019-05-15,8225.0,8230.0,8230.0,20190500,20190600,20190600
2019-05-16,7875.0,7895.0,7895.0,20190500,20190600,20190600
2019-05-17,7180.0,7195.0,7195.0,20190500,20190600,20190600
2019-05-20,7850.0,7850.0,7850.0,20190500,20190600,20190600
2019-05-21,8050.0,8050.0,8050.0,20190500,20190600,20190600
2019-05-22,7950.0,7965.0,7965.0,20190500,20190600,20190600
2019-05-23,7810.0,7820.0,7820.0,20190500,20190600,20190600
2019-05-24,8095.0,8110.0,8110.0,20190600,20190700,20190700
2019-05-28,8775.0,8790.0,8790.0,20190600,20190700,20190700
2019-05-29,8755.0,8765.0,8765.0,20190600,20190700,20190700
2019-05-30,8680.0,8690.0,8690.0,20190600,20190700,20190700
2019-05-31,8535.0,8555.0,8555.0,20190600,20190700,20190700
2019-06-03,8640.0,8660.0,8660.0,20190600,20190700,20190700
2019-06-04,7625.0,7635.0,7635.0,20190600,20190700,20190700
2019-06-05,7835.0,7845.0,7845.0,20190600,20190700,20190700
2019-06-06,7610.0,7620.0,7620.0,20190600,20190700,20190700
2019-06-07,8010.0,8015.0,8015.0,20190600,20190700,20190700
2019-06-10,8010.0,8015.0,8015.0,20190600,20190700,20190700
2019-06-11,7920.0,7925.0,7925.0,20190600,20190700,20190700
2019-06-12,8195.0,8205.0,8205.0,20190600,20190700,20190700
2019-06-13,8285.0,8290.0,8290.0,20190600,20190700,20190700
2019-06-14,8440.0,8455.0,8455.0,20190600,20190700,20190700
2019-06-17,9380.0,9385.0,9385.0,20190600,20190700,20190700
2019-06-18,9115.0,9135.0,9135.0,20190600,20190700,20190700
2019-06-19,9210.0,9230.0,9230.0,20190600,20190700,20190700
2019-06-20,9625.0,9670.0,9670.0,20190600,20190700,20190700
2019-06-21,9980.0,10040.0,10040.0,20190600,20190700,20190700
2019-06-24,10945.0,11115.0,11115.0,20190600,20190700,20190700
2019-06-25,11635.0,11695.0,11695.0,20190700,20190800,20190800
2019-06-26,14145.0,14210.0,14210.0,20190700,20190800,20190800
2019-06-27,11095.0,11155.0,11155.0,20190700,20190800,20190800
2019-06-28,12590.0,12615.0,12615.0,20190700,20190800,20190800
2019-07-01,10375.0,10460.0,10460.0,20190700,20190800,20190800
2019-07-02,10990.0,11070.0,11070.0,20190700,20190800,20190800
2019-07-03,11370.0,11470.0,11470.0,20190700,20190800,20190800
2019-07-05,11285.0,11395.0,11395.0,20190700,20190800,20190800
2019-07-08,12445.0,12565.0,12565.0,20190700,20190800,20190800
2019-07-09,12760.0,12885.0,12885.0,20190700,20190800,20190800
2019-07-10,12270.0,12375.0,12375.0,20190700,20190800,20190800
2019-07-11,11730.0,11785.0,11785.0,20190700,20190800,20190800
2019-07-12,11730.0,11815.0,11815.0,20190700,20190800,20190800
2019-07-15,10910.0,11015.0,11015.0,20190700,20190800,20190800
2019-07-16,9730.0,9785.0,9785.0,20190700,20190800,20190800
2019-07-17,9795.0,9900.0,9900.0,20190700,20190800,20190800
2019-07-18,10550.0,10695.0,10695.0,20190700,20190800,20190800
2019-07-19,10460.0,10605.0,10605.0,20190700,20190800,20190800
2019-07-22,10145.0,10330.0,10330.0,20190700,20190800,20190800
2019-07-23,10150.0,10330.0,10330.0,20190700,20190800,20190800
2019-07-24,9770.0,9845.0,9845.0,20190800,20190900,20190900
2019-07-25,9945.0,10070.0,10070.0,20190800,20190900,20190900
2019-07-26,10020.0,10085.0,10085.0,20190800,20190900,20190900
2019-07-29,9530.0,9590.0,9590.0,20190800,20190900,20190900
2019-07-30,9735.0,9785.0,9785.0,20190800,20190900,20190900
2019-07-31,10115.0,10170.0,10170.0,20190800,20190900,20190900
2019-08-01,10450.0,10520.0,10520.0,20190800,20190900,20190900
2019-08-02,10600.0,10705.0,10705.0,20190800,20190900,20190900
2019-08-05,11910.0,12070.0,12070.0,20190800,20190900,20190900
2019-08-06,11830.0,11970.0,11970.0,20190800,20190900,20190900
2019-08-07,11885.0,12040.0,12040.0,20190800,20190900,20190900
2019-08-08,11690.0,11825.0,11825.0,20190800,20190900,20190900
2019-08-09,11945.0,12090.0,12090.0,20190800,20190900,20190900
2019-08-12,11560.0,11690.0,11690.0,20190800,20190900,20190900
2019-08-13,10945.0,11090.0,11090.0,20190800,20190900,20190900
2019-08-14,10160.0,10260.0,10260.0,20190800,20190900,20190900
2019-08-15,10130.0,10240.0,10240.0,20190800,20190900,20190900
2019-08-16,10515.0,10625.0,10625.0,20190800,20190900,20190900
2019-08-19,10745.0,10830.0,10830.0,20190800,20190900,20190900
2019-08-20,10775.0,10845.0,10845.0,20190800,20190900,20190900
2019-08-21,10115.0,10210.0,10210.0,20190800,20190900,20190900
2019-08-22,10185.0,10275.0,10275.0,20190800,20190900,20190900
2019-08-23,10460.0,10550.0,10550.0,20190800,20190900,20190900
2019-08-26,10470.0,10520.0,10520.0,20190900,20191000,20191000
2019-08-27,10300.0,10345.0,10345.0,20190900,20191000,20191000
2019-08-28,9745.0,9810.0,9810.0,20190900,20191000,20191000
2019-08-29,9570.0,9630.0,9630.0,20190900,20191000,20191000
2019-08-30,9650.0,9695.0,9695.0,20190900,20191000,20191000
2019-09-03,10800.0,10855.0,10855.0,20190900,20191000,20191000
2019-09-04,10835.0,10915.0,10915.0,20190900,20191000,20191000
2019-09-05,10625.0,10695.0,10695.0,20190900,20191000,20191000
2019-09-06,10460.0,10550.0,10550.0,20190900,20191000,20191000
2019-09-09,10370.0,10450.0,10450.0,20190900,20191000,20191000
2019-09-10,10060.0,10150.0,10150.0,20190900,20191000,20191000
2019-09-11,10125.0,10210.0,10210.0,20190900,20191000,20191000
2019-09-12,10410.0,10485.0,10485.0,20190900,20191000,20191000
2019-09-13,10265.0,10365.0,10365.0,20190900,20191000,20191000
2019-09-16,10135.0,10240.0,10240.0,20190900,20191000,20191000
2019-09-17,10305.0,10390.0,10390.0,20190900,20191000,20191000
2019-09-18,10205.0,10300.0,10300.0,20190900,20191000,20191000
2019-09-19,10155.0,10230.0,10230.0,20190900,20191000,20191000
2019-09-20,10180.0,10275.0,10275.0,20190900,20191000,20191000
2019-09-23,9805.0,9915.0,9915.0,20190900,20191000,20191000
2019-09-24,8430.0,8475.0,8475.0,20191000,20191100,20191100
2019-09-25,8405.0,8440.0,8440.0,20191000,20191100,20191100
2019-09-26,8180.0,8235.0,8235.0,20191000,20191100,20191100
2019-09-27,8035.0,8080.0,8080.0,20191000,20191100,20191100
2019-09-30,8335.0,8365.0,8365.0,20191000,20191100,20191100
2019-10-01,8325.0,8370.0,8370.0,20191000,20191100,20191100
2019-10-02,8270.0,8320.0,8320.0,20191000,20191100,20191100
2019-10-03,8160.0,8205.0,8205.0,20191000,20191100,20191100
2019-10-04,8225.0,8255.0,8255.0,20191000,20191100,20191100
2019-10-07,8255.0,8290.0,8290.0,20191000,20191100,20191100
2019-10-08,8170.0,8225.0,8225.0,20191000,20191100,20191100
2019-10-09,8645.0,8685.0,8685.0,20191000,20191100,20191100
2019-10-10,8595.0,8650.0,8650.0,20191000,20191100,20191100
2019-10-11,8355.0,8415.0,8415.0,20191000,20191100,20191100
2019-10-14,8355.0,8415.0,8415.0,20191000,20191100,20191100
2019-10-15,8170.0,8230.0,8230.0,20191000,20191100,20191100
2019-10-16,7950.0,7990.0,7990.0,20191000,20191100,20191100
2019-10-17,8060.0,8105.0,8105.0,20191000,20191100,20191100
2019-10-18,7960.0,7990.0,7990.0,20191000,20191100,20191100
2019-10-21,8205.0,8250.0,8250.0,20191000,20191100,20191100
2019-10-22,8165.0,8230.0,8230.0,20191000,20191100,20191100
2019-10-23,7475.0,7505.0,7505.0,20191000,20191100,20191100
2019-10-24,7500.0,7530.0,7530.0,20191100,20191200,20191200
2019-10-25,8715.0,8785.0,8785.0,20191100,20191200,20191200
2019-10-28,9530.0,9595.0,9595.0,20191100,20191200,20191200
2019-10-29,9315.0,9405.0,9405.0,20191100,20191200,20191200
2019-10-30,9270.0,9340.0,9340.0,20191100,20191200,20191200
2019-10-31,9305.0,9375.0,9375.0,20191100,20191200,20191200
2019-11-01,9235.0,9325.0,9325.0,20191100,20191200,20191200
2019-11-04,9565.0,9650.0,9650.0,20191100,20191200,20191200
2019-11-05,9420.0,9515.0,9515.0,20191100,20191200,20191200
2019-11-06,9360.0,9445.0,9445.0,20191100,20191200,20191200
2019-11-07,9220.0,9305.0,9305.0,20191100,20191200,20191200
2019-11-08,8845.0,8910.0,8910.0,20191100,20191200,20191200
2019-11-11,8750.0,8805.0,8805.0,20191100,20191200,20191200
2019-11-12,8835.0,8890.0,8890.0,20191100,20191200,20191200
2019-11-13,8785.0,8850.0,8850.0,20191100,20191200,20191200
2019-11-14,8675.0,8740.0,8740.0,20191100,20191200,20191200
2019-11-15,8505.0,8545.0,8545.0,20191100,20191200,20191200
2019-11-18,8205.0,8260.0,8260.0,20191100,20191200,20191200
2019-11-19,8110.0,8150.0,8150.0,20191100,20191200,20191200
2019-11-20,8110.0,8150.0,8150.0,20191100,20191200,20191200
2019-11-21,7580.0,7615.0,7615.0,20191100,20191200,20191200
2019-11-22,7330.0,7355.0,7355.0,20191100,20191200,20191200
2019-11-25,7190.0,7225.0,7225.0,20191200,20200100,20200100
2019-11-26,7125.0,7180.0,7180.0,20191200,20200100,20200100
2019-11-27,7625.0,7670.0,7670.0,20191200,20200100,20200100
2019-11-29,7800.0,7855.0,7855.0,20191200,20200100,20200100
2019-12-02,7335.0,7400.0,7400.0,20191200,20200100,20200100
2019-12-03,7340.0,7405.0,7405.0,20191200,20200100,20200100
2019-12-04,7220.0,7265.0,7265.0,20191200,20200100,20200100
2019-12-05,7420.0,7470.0,7470.0,20191200,20200100,20200100
2019-12-06,7460.0,7520.0,7520.0,20191200,20200100,20200100
2019-12-09,7320.0,7380.0,7380.0,20191200,20200100,20200100
2019-12-10,7215.0,7275.0,7275.0,20191200,20200100,20200100
2019-12-11,7175.0,7220.0,7220.0,20191200,20200100,20200100
2019-12-12,7265.0,7305.0,7305.0,20191200,20200100,20200100
2019-12-13,7265.0,7295.0,7295.0,20191200,20200100,20200100
2019-12-16,6860.0,6885.0,6885.0,20191200,20200100,20200100
2019-12-17,6580.0,6605.0,6605.0,20191200,20200100,20200100
2019-12-18,7135.0,7160.0,7160.0,20191200,20200100,20200100
2019-12-19,7165.0,7190.0,7190.0,20191200,20200100,20200100
2019-12-20,7230.0,7250.0,7250.0,20191200,20200100,20200100
2019-12-23,7410.0,7455.0,7455.0,20191200,20200100,20200100
2019-12-24,7275.0,7320.0,7320.0,20200100,20200200,20200200
2019-12-26,7300.0,7345.0,7345.0,20200100,20200200,20200200
2019-12-27,7265.0,7310.0,7310.0,20200100,20200200,20200200
2019-12-30,7285.0,7330.0,7330.0,20200100,20200200,20200200
2019-12-31,7210.0,7240.0,7240.0,20200100,20200200,20200200
2020-01-02,6940.0,6985.0,6985.0,20200100,20200200,20200200
2020-01-03,7385.0,7415.0,7415.0,20200100,20200200,20200200
2020-01-06,7615.0,7655.0,7655.0,20200100,20200200,20200200
2020-01-07,8280.0,8315.0,8315.0,20200100,20200200,20200200
2020-01-08,8110.0,8160.0,8160.0,20200100,20200200,20200200
2020-01-09,7885.0,7935.0,7935.0,20200100,20200200,20200200
2020-01-10,8135.0,8180.0,8180.0,20200100,20200200,20200200
2020-01-13,8200.0,8260.0,8260.0,20200100,20200200,20200200
2020-01-14,8750.0,8830.0,8830.0,20200100,20200200,20200200
2020-01-15,8880.0,8950.0,8950.0,20200100,20200200,20200200
2020-01-16,8790.0,8850.0,8850.0,20200100,20200200,20200200
2020-01-17,8925.0,8995.0,8995.0,20200100,20200200,20200200
2020-01-21,8750.0,8795.0,8795.0,20200100,20200200,20200200
2020-01-22,8680.0,8740.0,8740.0,20200100,20200200,20200200
2020-01-23,8370.0,8430.0,8430.0,20200100,20200200,20200200
2020-01-24,8545.0,8615.0,8615.0,20200200,20200300,20200300
2020-01-27,9075.0,9175.0,9175.0,20200200,20200300,20200300
2020-01-28,9175.0,9275.0,9275.0,20200200,20200300,20200300
2020-01-29,9525.0,9620.0,9620.0,20200200,20200300,20200300
2020-01-30,9730.0,9815.0,9815.0,20200200,20200300,20200300
2020-01-31,9440.0,9535.0,9535.0,20200200,20200300,20200300
2020-02-03,9410.0,9510.0,9510.0,20200200,20200300,20200300
2020-02-04,9255.0,9360.0,9360.0,20200200,20200300,20200300
2020-02-05,9830.0,9940.0,9940.0,20200200,20200300,20200300
2020-02-06,9895.0,10025.0,10025.0,20200200,20200300,20200300
2020-02-07,9845.0,9980.0,9980.0,20200200,20200300,20200300
2020-02-10,9935.0,10100.0,10100.0,20200200,20200300,20200300
2020-02-11,10405.0,10585.0,10585.0,20200200,20200300,20200300
2020-02-12,10525.0,10730.0,10730.0,20200200,20200300,20200300
2020-02-13,10305.0,10490.0,10490.0,20200200,20200300,20200300
2020-02-14,10495.0,10675.0,10675.0,20200200,20200300,20200300
2020-02-18,10250.0,10415.0,10415.0,20200200,20200300,20200300
2020-02-19,10225.0,10395.0,10395.0,20200200,20200300,20200300
2020-02-20,9615.0,9760.0,9760.0,20200200,20200300,20200300
2020-02-21,9740.0,9885.0,9885.0,20200200,20200300,20200300
2020-02-24,9600.0,9745.0,9745.0,20200200,20200300,20200300
2020-02-25,9435.0,9540.0,9540.0,20200300,20200400,20200400
2020-02-26,8885.0,8975.0,8975.0,20200300,20200400,20200400
2020-02-27,8945.0,9040.0,9040.0,20200300,20200400,20200400
2020-02-28,8700.0,8780.0,8780.0,20200300,20200400,20200400
2020-03-02,8975.0,9045.0,9045.0,20200300,20200400,20200400
2020-03-03,8770.0,8865.0,8865.0,20200300,20200400,20200400
2020-03-04,8760.0,8845.0,8845.0,20200300,20200400,20200400
2020-03-05,9195.0,9270.0,9270.0,20200300,20200400,20200400
2020-03-06,9165.0,9265.0,9265.0,20200300,20200400,20200400
2020-03-09,7850.0,7900.0,7900.0,20200300,20200400,20200400
2020-03-10,7995.0,8045.0,8045.0,20200300,20200400,20200400
2020-03-11,7855.0,7905.0,7905.0,20200300,20200400,20200400
2020-03-12,6010.0,6035.0,6035.0,20200300,20200400,20200400
2020-03-13,5330.0,5375.0,5375.0,20200300,20200400,20200400
2020-03-16,4930.0,4945.0,4945.0,20200300,20200400,20200400
2020-03-17,5380.0,5410.0,5410.0,20200300,20200400,20200400
2020-03-18,5340.0,5345.0,5345.0,20200300,20200400,20200400
2020-03-19,6240.0,6270.0,6270.0,20200300,20200400,20200400
2020-03-20,6210.0,6230.0,6230.0,20200300,20200400,20200400
2020-03-23,6300.0,6310.0,6310.0,20200300,20200400,20200400
2020-03-24,6745.0,6755.0,6755.0,20200400,20200500,20200500
2020-03-25,6660.0,6675.0,6675.0,20200400,20200500,20200500
2020-03-26,6695.0,6720.0,6720.0,20200400,20200500,20200500
2020-03-27,6680.0,6710.0,6710.0,20200400,20200500,20200500
2020-03-30,6380.0,6405.0,6405.0,20200400,20200500,20200500
2020-03-31,6475.0,6495.0,6495.0,20200400,20200500,20200500
2020-04-01,6210.0,6225.0,6225.0,20200400,20200500,20200500
2020-04-02,6865.0,6900.0,6900.0,20200400,20200500,20200500
2020-04-03,6800.0,6845.0,6845.0,20200400,20200500,20200500
2020-04-06,7330.0,7390.0,7390.0,20200400,20200500,20200500
2020-04-07,7330.0,7405.0,7405.0,20200400,20200500,20200500
2020-04-08,7335.0,7390.0,7390.0,20200400,20200500,20200500
2020-04-09,7290.0,7350.0,7350.0,20200400,20200500,20200500
2020-04-13,6810.0,6820.0,6820.0,20200400,20200500,20200500
2020-04-14,6950.0,6965.0,6965.0,20200400,20200500,20200500
2020-04-15,6740.0,6755.0,6755.0,20200400,20200500,20200500
2020-04-16,7105.0,7125.0,7125.0,20200400,20200500,20200500
2020-04-17,7080.0,7115.0,7115.0,20200400,20200500,20200500
2020-04-20,6795.0,6815.0,6815.0,20200400,20200500,20200500
2020-04-21,6890.0,6900.0,6900.0,20200400,20200500,20200500
2020-04-22,7115.0,7155.0,7155.0,20200400,20200500,20200500
2020-04-23,7540.0,7625.0,7625.0,20200400,20200500,20200500
2020-04-24,7595.0,7610.0,7610.0,20200500,20200600,20200600
2020-04-27,7780.0,7795.0,7795.0,20200500,20200600,20200600
2020-04-28,7780.0,7785.0,7785.0,20200500,20200600,20200600
2020-04-29,8825.0,8860.0,8860.0,20200500,20200600,20200600
2020-04-30,8930.0,8950.0,8950.0,20200500,20200600,20200600
2020-05-01,8840.0,8850.0,8850.0,20200500,20200600,20200600
2020-05-04,8935.0,8965.0,8965.0,20200500,20200600,20200600
2020-05-05,8985.0,9020.0,9020.0,20200500,20200600,20200600
2020-05-06,9340.0,9385.0,9385.0,20200500,20200600,20200600
2020-05-07,10010.0,10060.0,10060.0,20200500,20200600,20200600
2020-05-08,10030.0,10090.0,10090.0,20200500,20200600,20200600
2020-05-11,8795.0,8845.0,8845.0,20200500,20200600,20200600
2020-05-12,8870.0,8930.0,8930.0,20200500,20200600,20200600
2020-05-13,9270.0,9325.0,9325.0,20200500,20200600,20200600
2020-05-14,9725.0,9815.0,9815.0,20200500,20200600,20200600
2020-05-15,9395.0,9455.0,9455.0,20200500,20200600,20200600
2020-05-18,9745.0,9830.0,9830.0,20200500,20200600,20200600
2020-05-19,9680.0,9765.0,9765.0,20200500,20200600,20200600
2020-05-20,9570.0,9640.0,9640.0,20200500,20200600,20200600
2020-05-21,9075.0,9165.0,9165.0,20200500,20200600,20200600
2020-05-22,9175.0,9255.0,9255.0,20200500,20200600,20200600
2020-05-26,8855.0,8910.0,8910.0,20200600,20200700,20200700
2020-05-27,9250.0,9285.0,9285.0,20200600,20200700,20200700
2020-05-28,9560.0,9590.0,9590.0,20200600,20200700,20200700
2020-05-29,9470.0,9530.0,9530.0,20200600,20200700,20200700
2020-06-01,9650.0,9700.0,9700.0,20200600,20200700,20200700
2020-06-02,9580.0,9630.0,9630.0,20200600,20200700,20200700
2020-06-03,9655.0,9705.0,9705.0,20200600,20200700,20200700
2020-06-04,9895.0,9950.0,9950.0,20200600,20200700,20200700
2020-06-05,9800.0,9860.0,9860.0,20200600,20200700,20200700
2020-06-08,9780.0,9830.0,9830.0,20200600,20200700,20200700
2020-06-09,9805.0,9860.0,9860.0,20200600,20200700,20200700
2020-06-10,9935.0,9980.0,9980.0,20200600,20200700,20200700
2020-06-11,9300.0,9365.0,9365.0,20200600,20200700,20200700
2020-06-12,9465.0,9525.0,9525.0,20200600,20200700,20200700
2020-06-15,9440.0,9510.0,9510.0,20200600,20200700,20200700
2020-06-16,9530.0,9595.0,9595.0,20200600,20200700,20200700
2020-06-17,9325.0,9400.0,9400.0,20200600,20200700,20200700
2020-06-18,9410.0,9480.0,9480.0,20200600,20200700,20200700
2020-06-19,9315.0,9385.0,9385.0,20200600,20200700,20200700
2020-06-22,9585.0,9660.0,9660.0,20200600,20200700,20200700
2020-06-23,9660.0,9745.0,9745.0,20200600,20200700,20200700
2020-06-24,9375.0,9430.0,9430.0,20200700,20200800,20200800
2020-06-25,9340.0,9405.0,9405.0,20200700,20200800,20200800
2020-06-26,9220.0,9280.0,9280.0,20200700,20200800,20200800
2020-06-29,9200.0,9255.0,9255.0,20200700,20200800,20200800
2020-06-30,9185.0,9240.0,9240.0,20200700,20200800,20200800
2020-07-01,9325.0,9365.0,9365.0,20200700,20200800,20200800
2020-07-02,9060.0,9115.0,9115.0,20200700,20200800,20200800
2020-07-06,9355.0,9405.0,9405.0,20200700,20200800,20200800
2020-07-07,9290.0,9350.0,9350.0,20200700,20200800,20200800
2020-07-08,9510.0,9560.0,9560.0,20200700,20200800,20200800
2020-07-09,9255.0,9320.0,9320.0,20200700,20200800,20200800
2020-07-10,9275.0,9330.0,9330.0,20200700,20200800,20200800
2020-07-13,9270.0,9330.0,9330.0,20200700,20200800,20200800
2020-07-14,9310.0,9370.0,9370.0,20200700,20200800,20200800
2020-07-15,9190.0,9250.0,9250.0,20200700,20200800,20200800
2020-07-16,9145.0,9195.0,9195.0,20200700,20200800,20200800
2020-07-17,9195.0,9250.0,9250.0,20200700,20200800,20200800
2020-07-20,9190.0,9255.0,9255.0,20200700,20200800,20200800
2020-07-21,9395.0,9460.0,9460.0,20200700,20200800,20200800
2020-07-22,9425.0,9480.0,9480.0,20200700,20200800,20200800
2020-07-23,9650.0,9720.0,9720.0,20200700,20200800,20200800
2020-07-24,9690.0,9750.0,9750.0,20200800,20200900,20200900
2020-07-27,11065.0,11145.0,11145.0,20200800,20200900,20200900
2020-07-28,11215.0,11315.0,11315.0,20200800,20200900,20200900
2020-07-29,11425.0,11530.0,11530.0,20200800,20200900,20200900
2020-07-30,11370.0,11440.0,11440.0,20200800,20200900,20200900
2020-07-31,11610.0,11700.0,11700.0,20200800,20200900,20200900
2020-08-03,11620.0,11695.0,11695.0,20200800,20200900,20200900
2020-08-04,11370.0,11480.0,11480.0,20200800,20200900,20200900
2020-08-05,11850.0,11930.0,11930.0,20200800,20200900,20200900
2020-08-06,12040.0,12120.0,12120.0,20200800,20200900,20200900
2020-08-07,11575.0,11690.0,11690.0,20200800,20200900,20200900
2020-08-10,12015.0,12115.0,12115.0,20200800,20200900,20200900
2020-08-11,11435.0,11550.0,11550.0,20200800,20200900,20200900
2020-08-12,11665.0,11770.0,11770.0,20200800,20200900,20200900
2020-08-13,11590.0,11705.0,11705.0,20200800,20200900,20200900
2020-08-14,11935.0,12040.0,12040.0,20200800,20200900,20200900
2020-08-17,12485.0,12625.0,12625.0,20200800,20200900,20200900
2020-08-18,12035.0,12190.0,12190.0,20200800,20200900,20200900
2020-08-19,11690.0,11845.0,11845.0,20200800,20200900,20200900
2020-08-20,11895.0,12055.0,12055.0,20200800,20200900,20200900
2020-08-21,11695.0,11860.0,11860.0,20200800,20200900,20200900
2020-08-24,11770.0,11940.0,11940.0,20200800,20200900,20200900
2020-08-25,11440.0,11495.0,11495.0,20200900,20201000,20201000
2020-08-26,11630.0,11675.0,11675.0,20200900,20201000,20201000
2020-08-27,11340.0,11410.0,11410.0,20200900,20201000,20201000
2020-08-28,11630.0,11705.0,11705.0,20200900,20201000,20201000
2020-08-31,11835.0,11940.0,11940.0,20200900,20201000,20201000
2020-09-01,12075.0,12180.0,12180.0,20200900,20201000,20201000
2020-09-02,11460.0,11560.0,11560.0,20200900,20201000,20201000
2020-09-03,10720.0,10795.0,10795.0,20200900,20201000,20201000
2020-09-04,10620.0,10705.0,10705.0,20200900,20201000,20201000
2020-09-08,10015.0,10090.0,10090.0,20200900,20201000,20201000
2020-09-09,10320.0,10400.0,10400.0,20200900,20201000,20201000
2020-09-10,10315.0,10405.0,10405.0,20200900,20201000,20201000
2020-09-11,10340.0,10420.0,10420.0,20200900,20201000,20201000
2020-09-14,10705.0,10780.0,10780.0,20200900,20201000,20201000
2020-09-15,10815.0,10890.0,10890.0,20200900,20201000,20201000
2020-09-16,11015.0,11095.0,11095.0,20200900,20201000,20201000
2020-09-17,10950.0,11035.0,11035.0,20200900,20201000,20201000
2020-09-18,10880.0,10970.0,10970.0,20200900,20201000,20201000
2020-09-21,10485.0,10560.0,10560.0,20200900,20201000,20201000
2020-09-22,10495.0,10565.0,10565.0,20200900,20201000,20201000
2020-09-23,10280.0,10345.0,10345.0,20200900,20201000,20201000
2020-09-24,10725.0,10780.0,10780.0,20201000,20201100,20201100
2020-09-25,10825.0,10885.0,10885.0,20201000,20201100,20201100
2020-09-28,10960.0,11005.0,11005.0,20201000,20201100,20201100
2020-09-29,10815.0,10875.0,10875.0,20201000,20201100,20201100
2020-09-30,10770.0,10840.0,10840.0,20201000,20201100,20201100
2020-10-01,10645.0,10725.0,10725.0,20201000,20201100,20201100
2020-10-02,10550.0,10615.0,10615.0,20201000,20201100,20201100
2020-10-05,10815.0,10870.0,10870.0,20201000,20201100,20201100
2020-10-06,10630.0,10710.0,10710.0,20201000,20201100,20201100
2020-10-07,10720.0,10790.0,10790.0,20201000,20201100,20201100
2020-10-08,10955.0,11035.0,11035.0,20201000,20201100,20201100
2020-10-09,11110.0,11205.0,11205.0,20201000,20201100,20201100
2020-10-12,11630.0,11720.0,11720.0,20201000,20201100,20201100
2020-10-13,11440.0,11520.0,11520.0,20201000,20201100,20201100
2020-10-14,11410.0,11490.0,11490.0,20201000,20201100,20201100
2020-10-15,11595.0,11680.0,11680.0,20201000,20201100,20201100
2020-10-16,11360.0,11450.0,11450.0,20201000,20201100,20201100
2020-10-19,11755.0,11835.0,11835.0,20201000,20201100,20201100
2020-10-20,11970.0,12080.0,12080.0,20201000,20201100,20201100
2020-10-21,12755.0,12845.0,12845.0,20201000,20201100,20201100
2020-10-22,13155.0,13265.0,13265.0,20201000,20201100,20201100
2020-10-23,12970.0,13110.0,13110.0,20201000,20201100,20201100
2020-10-26,13180.0,13285.0,13285.0,20201100,20201200,20201200
2020-10-27,13875.0,14000.0,14000.0,20201100,20201200,20201200
2020-10-28,13380.0,13475.0,13475.0,20201100,20201200,20201200
2020-10-29,13780.0,13885.0,13885.0,20201100,20201200,20201200
2020-10-30,13735.0,13845.0,13845.0,20201100,20201200,20201200
2020-11-02,13790.0,13915.0,13915.0,20201100,20201200,20201200
2020-11-03,13845.0,13960.0,13960.0,20201100,20201200,20201200
2020-11-04,14200.0,14300.0,14300.0,20201100,20201200,20201200
2020-11-05,15260.0,15400.0,15400.0,20201100,20201200,20201200
2020-11-06,15630.0,15800.0,15800.0,20201100,20201200,20201200
2020-11-09,15450.0,15595.0,15595.0,20201100,20201200,20201200
2020-11-10,15355.0,15490.0,15490.0,20201100,20201200,20201200
2020-11-11,15805.0,15930.0,15930.0,20201100,20201200,20201200
2020-11-12,16240.0,16365.0,16365.0,20201100,20201200,20201200
2020-11-13,16270.0,16390.0,16390.0,20201100,20201200,20201200
2020-11-16,16895.0,17020.0,17020.0,20201100,20201200,20201200
2020-11-17,17730.0,17875.0,17875.0,20201100,20201200,20201200
2020-11-18,17685.0,17810.0,17810.0,20201100,20201200,20201200
2020-11-19,18095.0,18240.0,18240.0,20201100,20201200,20201200
2020-11-20,18685.0,18870.0,18870.0,20201100,20201200,20201200
2020-11-23,18410.0,18620.0,18620.0,20201100,20201200,20201200
2020-11-24,19375.0,19520.0,19520.0,20201200,20210100,20210100
2020-11-25,19175.0,19345.0,19345.0,20201200,20210100,20210100
2020-11-27,16925.0,17085.0,17085.0,20201200,20210100,20210100
2020-11-30,19730.0,19900.0,19900.0,20201200,20210100,20210100
2020-12-01,19275.0,19450.0,19450.0,20201200,20210100,20210100
2020-12-02,19295.0,19450.0,19450.0,20201200,20210100,20210100
2020-12-03,19565.0,19725.0,19725.0,20201200,20210100,20210100
2020-12-04,19100.0,19245.0,19245.0,20201200,20210100,20210100
2020-12-07,19170.0,19315.0,19315.0,20201200,20210100,20210100
2020-12-08,18825.0,18970.0,18970.0,20201200,20210100,20210100
2020-12-09,18420.0,18600.0,18600.0,20201200,20210100,20210100
2020-12-10,18440.0,18590.0,18590.0,20201200,20210100,20210100
2020-12-11,18020.0,18165.0,18165.0,20201200,20210100,20210100
2020-12-14,19270.0,19465.0,19465.0,20201200,20210100,20210100
2020-12-15,19560.0,19805.0,19805.0,20201200,20210100,20210100
2020-12-16,20930.0,21280.0,21280.0,20201200,20210100,20210100
2020-12-17,22870.0,23285.0,23285.0,20201200,20210100,20210100
2020-12-18,22860.0,23240.0,23240.0,20201200,20210100,20210100
2020-12-21,22880.0,23160.0,23160.0,20201200,20210100,20210100
2020-12-22,23445.0,23805.0,23805.0,20201200,20210100,20210100
2020-12-23,23510.0,23745.0,23745.0,20201200,20210100,20210100
2020-12-24,23685.0,23955.0,23955.0,20210100,20210200,20210200
2020-12-28,27110.0,27405.0,27405.0,20210100,20210200,20210200
2020-12-29,27210.0,27510.0,27510.0,20210100,20210200,20210200
2020-12-30,29155.0,29495.0,29495.0,20210100,20210200,20210200
2020-12-31,29385.0,29655.0,29655.0,20210100,20210200,20210200
2021-01-04,31550.0,31980.0,31980.0,20210100,20210200,20210200
2021-01-05,34515.0,34925.0,34925.0,20210100,20210200,20210200
2021-01-06,36565.0,37055.0,37055.0,20210100,20210200,20210200
2021-01-07,39625.0,40100.0,40100.0,20210100,20210200,20210200
2021-01-08,39520.0,39970.0,39970.0,20210100,20210200,20210200
2021-01-11,33780.0,34225.0,34225.0,20210100,20210200,20210200
2021-01-12,34500.0,34925.0,34925.0,20210100,20210200,20210200
2021-01-13,36375.0,36810.0,36810.0,20210100,20210200,20210200
2021-01-14,39605.0,40080.0,40080.0,20210100,20210200,20210200
2021-01-15,35625.0,36100.0,36100.0,20210100,20210200,20210200
2021-01-19,36595.0,37060.0,37060.0,20210100,20210200,20210200
2021-01-20,35035.0,35470.0,35470.0,20210100,20210200,20210200
2021-01-21,31920.0,32290.0,32290.0,20210100,20210200,20210200
2021-01-22,33580.0,33945.0,33945.0,20210100,20210200,20210200
2021-01-25,33825.0,34210.0,34210.0,20210200,20210300,20210300
2021-01-26,32300.0,32565.0,32565.0,20210200,20210300,20210300
2021-01-27,31635.0,31905.0,31905.0,20210200,20210300,20210300
2021-01-28,32790.0,33085.0,33085.0,20210200,20210300,20210300
2021-01-29,34855.0,35180.0,35180.0,20210200,20210300,20210300
2021-02-01,34000.0,34265.0,34265.0,20210200,20210300,20210300
2021-02-02,36170.0,36535.0,36535.0,20210200,20210300,20210300
2021-02-03,37390.0,37790.0,37790.0,20210200,20210300,20210300
2021-02-04,37915.0,38310.0,38310.0,20210200,20210300,20210300
2021-02-05,38015.0,38460.0,38460.0,20210200,20210300,20210300
2021-02-08,44755.0,45305.0,45305.0,20210200,20210300,20210300
2021-02-09,47765.0,48385.0,48385.0,20210200,20210300,20210300
2021-02-10,44915.0,45570.0,45570.0,20210200,20210300,20210300
2021-02-11,47525.0,48195.0,48195.0,20210200,20210300,20210300
2021-02-12,48040.0,48700.0,48700.0,20210200,20210300,20210300
2021-02-16,48925.0,49615.0,49615.0,20210200,20210300,20210300
2021-02-17,52785.0,53525.0,53525.0,20210200,20210300,20210300
2021-02-18,52340.0,53170.0,53170.0,20210200,20210300,20210300
2021-02-19,55530.0,56595.0,56595.0,20210200,20210300,20210300
2021-02-22,53720.0,54650.0,54650.0,20210200,20210300,20210300
2021-02-23,47660.0,48185.0,48185.0,20210200,20210300,20210300
2021-02-24,49815.0,50455.0,50455.0,20210300,20210400,20210400
2021-02-25,49415.0,49990.0,49990.0,20210300,20210400,20210400
2021-02-26,46325.0,46905.0,46905.0,20210300,20210400,20210400
2021-03-01,48870.0,49355.0,49355.0,20210300,20210400,20210400
2021-03-02,47820.0,48445.0,48445.0,20210300,20210400,20210400
2021-03-03,50900.0,51520.0,51520.0,20210300,20210400,20210400
2021-03-04,48310.0,48855.0,48855.0,20210300,20210400,20210400
2021-03-05,49555.0,50055.0,50055.0,20210300,20210400,20210400
2021-03-08,52145.0,52705.0,52705.0,20210300,20210400,20210400
2021-03-09,54720.0,55315.0,55315.0,20210300,20210400,20210400
2021-03-10,56620.0,57265.0,57265.0,20210300,20210400,20210400
2021-03-11,57955.0,58615.0,58615.0,20210300,20210400,20210400
2021-03-12,57075.0,57850.0,57850.0,20210300,20210400,20210400
2021-03-15,56900.0,57660.0,57660.0,20210300,20210400,20210400
2021-03-16,55910.0,56615.0,56615.0,20210300,20210400,20210400
2021-03-17,57980.0,58710.0,58710.0,20210300,20210400,20210400
2021-03-18,57365.0,58050.0,58050.0,20210300,20210400,20210400
2021-03-19,58975.0,59720.0,59720.0,20210300,20210400,20210400
2021-03-22,55605.0,56040.0,56040.0,20210300,20210400,20210400
2021-03-23,54985.0,55245.0,55245.0,20210300,20210400,20210400
2021-03-24,54980.0,55520.0,55520.0,20210400,20210500,20210500
2021-03-25,52405.0,52935.0,52935.0,20210400,20210500,20210500
2021-03-26,54060.0,54645.0,54645.0,20210400,20210500,20210500
2021-03-29,58210.0,58695.0,58695.0,20210400,20210500,20210500
2021-03-30,59705.0,60215.0,60215.0,20210400,20210500,20210500
2021-03-31,59285.0,59900.0,59900.0,20210400,20210500,20210500
2021-04-01,59615.0,60130.0,60130.0,20210400,20210500,20210500
2021-04-05,59840.0,60430.0,60430.0,20210400,20210500,20210500
2021-04-06,58735.0,59270.0,59270.0,20210400,20210500,20210500
2021-04-07,56310.0,56670.0,56670.0,20210400,20210500,20210500
2021-04-08,58155.0,58545.0,58545.0,20210400,20210500,20210500
2021-04-09,58760.0,59145.0,59145.0,20210400,20210500,20210500
2021-04-12,60545.0,61000.0,61000.0,20210400,20210500,20210500
2021-04-13,63685.0,64135.0,64135.0,20210400,20210500,20210500
2021-04-14,62400.0,62885.0,62885.0,20210400,20210500,20210500
2021-04-15,63840.0,64305.0,64305.0,20210400,20210500,20210500
2021-04-16,61980.0,62380.0,62380.0,20210400,20210500,20210500
2021-04-19,56045.0,56535.0,56535.0,20210400,20210500,20210500
2021-04-20,56715.0,57080.0,57080.0,20210400,20210500,20210500
2021-04-21,55610.0,55970.0,55970.0,20210400,20210500,20210500
2021-04-22,52860.0,53065.0,53065.0,20210400,20210500,20210500
2021-04-23,50845.0,51045.0,51045.0,20210400,20210500,20210500
2021-04-26,54325.0,54545.0,54545.0,20210500,20210600,20210600
2021-04-27,54975.0,55225.0,55225.0,20210500,20210600,20210600
2021-04-28,55695.0,55940.0,55940.0,20210500,20210600,20210600
2021-04-29,53010.0,53265.0,53265.0,20210500,20210600,20210600
2021-04-30,57315.0,57545.0,57545.0,20210500,20210600,20210600
2021-05-03,57765.0,58095.0,58095.0,20210500,20210600,20210600
2021-05-04,54515.0,54745.0,54745.0,20210500,20210600,20210600
2021-05-05,57295.0,57575.0,57575.0,20210500,20210600,20210600
2021-05-06,56180.0,56480.0,56480.0,20210500,20210600,20210600
2021-05-07,57760.0,57990.0,57990.0,20210500,20210600,20210600
2021-05-10,55705.0,55940.0,55940.0,20210500,20210600,20210600
2021-05-11,56805.0,57010.0,57010.0,20210500,20210600,20210600
2021-05-12,54445.0,54645.0,54645.0,20210500,20210600,20210600
2021-05-13,48365.0,48485.0,48485.0,20210500,20210600,20210600
2021-05-14,50190.0,50305.0,50305.0,20210500,20210600,20210600
